{"/about/":"http://perso.ens-lyon.fr/alexandre.veith/","/about.html":"http://perso.ens-lyon.fr/alexandre.veith/","/resume":"http://perso.ens-lyon.fr/alexandre.veith/cv/","/md/":"http://perso.ens-lyon.fr/alexandre.veith/markdown/","/markdown.html":"http://perso.ens-lyon.fr/alexandre.veith/markdown/","/nmp/":"http://perso.ens-lyon.fr/alexandre.veith/non-menu-page/","/nmp.html":"http://perso.ens-lyon.fr/alexandre.veith/non-menu-page/","/wordpress/blog-posts/":"http://perso.ens-lyon.fr/alexandre.veith/year-archive/"}